ID,Nome,Data,cpuu,memoria,disco
1,MI-1,"2023-09-27 11:07:47",1.5,69.8,54.4
1,MI-1,"2023-09-27 11:07:48",11.7,69.7,54.4
1,MI-1,"2023-09-27 11:07:49",25.3,69.6,54.4
1,MI-1,"2023-09-27 11:07:50",2.8,69.6,54.4
1,MI-1,"2023-09-27 11:07:51",10.2,69.6,54.4
1,MI-1,"2023-09-27 11:07:52",10.4,69.6,54.4
1,MI-1,"2023-09-27 11:07:53",43,69.6,54.4
1,MI-1,"2023-09-27 11:07:54",20.9,69.6,54.4
1,MI-1,"2023-09-27 11:07:56",5.9,69.3,54.4
1,MI-1,"2023-09-27 11:07:57",13.9,69.3,54.4
1,MI-1,"2023-09-27 11:07:58",2.5,69.4,54.4
1,MI-1,"2023-09-27 11:07:59",4.6,69.4,54.4
1,MI-1,"2023-09-27 11:08:00",4.3,69.4,54.4
1,MI-1,"2023-09-27 11:08:01",20.7,69.3,54.4
1,MI-1,"2023-09-27 11:08:02",21.9,69.3,54.4
1,MI-1,"2023-09-27 11:08:03",3.8,69.3,54.4
1,MI-1,"2023-09-27 11:08:04",16.2,69.3,54.4
1,MI-1,"2023-09-27 11:08:05",22.7,69.4,54.4
1,MI-1,"2023-09-27 11:08:06",21.5,69.4,54.4
1,MI-1,"2023-09-27 11:08:08",16.1,69.4,54.4
1,MI-1,"2023-09-27 11:08:09",24.5,69.5,54.4
1,MI-1,"2023-09-27 11:08:10",17.2,69.5,54.4
1,MI-1,"2023-09-27 11:08:11",24.6,69.5,54.4
1,MI-1,"2023-09-27 11:08:12",21.9,69.6,54.4
1,MI-1,"2023-09-27 11:08:13",20.1,69.6,54.4
1,MI-1,"2023-09-27 11:08:14",26.5,69.5,54.4
1,MI-1,"2023-09-27 11:08:15",9,69.5,54.4
1,MI-1,"2023-09-27 11:08:16",15.6,69.3,54.4
1,MI-1,"2023-09-27 11:08:17",20.6,69.4,54.4
1,MI-1,"2023-09-27 11:08:19",20.8,69.4,54.4
1,MI-1,"2023-09-27 11:08:20",19.6,69.4,54.4
1,MI-1,"2023-09-27 11:08:21",11.8,69.4,54.4
1,MI-1,"2023-09-27 11:08:22",22.4,69.4,54.4
1,MI-1,"2023-09-27 11:08:23",17.9,69.4,54.4
1,MI-1,"2023-09-27 11:08:24",7.4,69.3,54.4
1,MI-1,"2023-09-27 11:08:25",18.7,69.3,54.4
1,MI-1,"2023-09-27 11:08:26",24.5,69.3,54.4
1,MI-1,"2023-09-27 11:08:27",18.4,69.4,54.4
1,MI-1,"2023-09-27 11:08:28",14.8,69.2,54.4
1,MI-1,"2023-09-27 11:08:30",12.3,69.2,54.4
1,MI-1,"2023-09-27 11:08:31",2,69.2,54.4
1,MI-1,"2023-09-27 11:08:32",1.8,69.3,54.4
1,MI-1,"2023-09-27 11:08:33",1,69.3,54.4
1,MI-1,"2023-09-27 11:08:34",0.8,69.4,54.4
1,MI-1,"2023-09-27 11:08:35",13.2,69.4,54.4
1,MI-1,"2023-09-27 11:08:36",0.5,69.4,54.4
1,MI-1,"2023-09-27 11:08:37",11.5,69.5,54.4
1,MI-1,"2023-09-27 11:08:38",22.5,69.5,54.4
1,MI-1,"2023-09-27 11:08:39",16.1,69.4,54.4
1,MI-1,"2023-09-27 11:08:40",26,69.5,54.4
1,MI-1,"2023-09-27 11:08:42",19.6,69.4,54.4
1,MI-1,"2023-09-27 11:08:43",18,69.3,54.4
1,MI-1,"2023-09-27 11:08:44",25.1,69.3,54.4
1,MI-1,"2023-09-27 11:08:45",22.9,69.3,54.4
1,MI-1,"2023-09-27 11:08:46",26.8,69.4,54.4
1,MI-1,"2023-09-27 11:08:47",26.5,69.4,54.4
1,MI-1,"2023-09-27 11:08:48",24.2,69.4,54.4
1,MI-1,"2023-09-27 11:08:49",21.2,69.4,54.4
1,MI-1,"2023-09-27 11:08:50",17.7,69.4,54.4
1,MI-1,"2023-09-27 11:08:51",18.9,69.3,54.4
1,MI-1,"2023-09-27 11:08:53",6.6,69.3,54.4
1,MI-1,"2023-09-27 11:08:54",4.3,69.2,54.4
1,MI-1,"2023-09-27 11:08:55",22.1,69.3,54.4
1,MI-1,"2023-09-27 11:08:56",25.7,69.3,54.4
1,MI-1,"2023-09-27 11:08:57",16.9,69.3,54.4
1,MI-1,"2023-09-27 11:08:58",20.2,69.4,54.4
1,MI-1,"2023-09-27 11:08:59",17.4,69.4,54.4
1,MI-1,"2023-09-27 11:09:00",18.9,69.4,54.4
1,MI-1,"2023-09-27 11:09:01",16.2,69.4,54.4
1,MI-1,"2023-09-27 11:09:02",27,69.4,54.4
1,MI-1,"2023-09-27 11:09:03",19.8,69.4,54.4
1,MI-1,"2023-09-27 11:09:05",5.6,69.3,54.4
1,MI-1,"2023-09-27 11:09:06",27.2,69.3,54.4
1,MI-1,"2023-09-27 11:09:07",20.9,69.3,54.4
1,MI-1,"2023-09-27 11:09:08",15.6,69.4,54.4
1,MI-1,"2023-09-27 11:09:09",12.1,69.3,54.4
1,MI-1,"2023-09-27 11:09:10",3.8,69.3,54.4
1,MI-1,"2023-09-27 11:09:11",0.8,69.3,54.4
1,MI-1,"2023-09-27 11:09:12",0.5,69.3,54.4
1,MI-1,"2023-09-27 11:09:13",0.5,69.3,54.4
1,MI-1,"2023-09-27 11:09:14",0.5,69.3,54.4
1,MI-1,"2023-09-27 11:09:16",1,69.3,54.4
1,MI-1,"2023-09-27 11:09:17",0.5,69.3,54.4
1,MI-1,"2023-09-27 11:09:18",2.3,69.3,54.4
1,MI-1,"2023-09-27 11:09:19",0.5,69.3,54.4
1,MI-1,"2023-09-27 11:09:20",0.8,69.3,54.4
1,MI-1,"2023-09-27 11:09:21",1.3,69.3,54.4
1,MI-1,"2023-09-27 11:09:22",0.5,69.3,54.4
1,MI-1,"2023-09-27 11:09:23",0.8,69.3,54.4
1,MI-1,"2023-09-27 11:09:24",1,69.3,54.4
1,MI-1,"2023-09-27 11:09:25",1.5,69.3,54.4
1,MI-1,"2023-09-27 11:09:26",0.8,69.3,54.4
1,MI-1,"2023-09-27 11:09:28",1.5,69.3,54.4
1,MI-1,"2023-09-27 11:09:29",0.8,69.3,54.4
1,MI-1,"2023-09-27 11:09:30",0.5,69.3,54.4
1,MI-1,"2023-09-27 11:09:31",0.5,69.3,54.4
1,MI-1,"2023-09-27 11:09:32",1,69.3,54.4
1,MI-1,"2023-09-27 11:09:33",0.8,69.3,54.4
1,MI-1,"2023-09-27 11:09:34",1,69.3,54.4
1,MI-1,"2023-09-27 11:09:35",3.3,69.3,54.4
1,MI-1,"2023-09-27 11:09:36",2.5,69.3,54.4
1,MI-1,"2023-09-27 11:09:37",2.3,69.3,54.4
1,MI-1,"2023-09-27 11:09:39",2,69.3,54.4
1,MI-1,"2023-09-27 11:09:40",0.3,69.3,54.4
1,MI-1,"2023-09-27 11:09:41",1,69.3,54.4
1,MI-1,"2023-09-27 11:09:42",1,69.3,54.4
1,MI-1,"2023-09-27 11:09:43",0.8,69.3,54.4
1,MI-1,"2023-09-27 11:09:44",0.8,69.3,54.4
1,MI-1,"2023-09-27 11:09:45",0.5,69.3,54.4
1,MI-1,"2023-09-27 11:09:46",0.8,69.3,54.4
1,MI-1,"2023-09-27 11:09:47",0.8,69.3,54.4
1,MI-1,"2023-09-27 11:09:48",1.3,69.3,54.4
1,MI-1,"2023-09-27 11:09:49",1.8,69.3,54.4
1,MI-1,"2023-09-27 11:09:51",23.7,69.4,54.4
1,MI-1,"2023-09-27 11:09:52",26.9,69.4,54.4
1,MI-1,"2023-09-27 11:09:53",16.5,69.4,54.4
1,MI-1,"2023-09-27 11:09:54",16.7,69.4,54.4
1,MI-1,"2023-09-27 11:09:55",22.7,69.5,54.4
1,MI-1,"2023-09-27 11:09:56",27,69.5,54.4
1,MI-1,"2023-09-27 11:09:57",21.9,69.3,54.4
1,MI-1,"2023-09-27 11:09:58",14.4,69.3,54.4
1,MI-1,"2023-09-27 11:09:59",10,69.3,54.4
1,MI-1,"2023-09-27 11:10:00",6.1,69.2,54.4
1,MI-1,"2023-09-27 11:10:02",1,69.2,54.4
1,MI-1,"2023-09-27 11:10:03",0.5,69.2,54.4
1,MI-1,"2023-09-27 11:10:04",0.8,69.2,54.4
1,MI-1,"2023-09-27 11:10:05",0.5,69.2,54.4
1,MI-1,"2023-09-27 11:10:06",1.3,69.2,54.4
1,MI-1,"2023-09-27 11:10:07",1,69.2,54.4
1,MI-1,"2023-09-27 11:10:08",2.5,69.2,54.4
1,MI-1,"2023-09-27 11:10:09",1,69.2,54.4
1,MI-1,"2023-09-27 11:10:10",1.3,69.2,54.4
1,MI-1,"2023-09-27 11:10:11",1.3,69.2,54.4
1,MI-1,"2023-09-27 11:10:13",9.8,69.3,54.4
1,MI-1,"2023-09-27 11:10:14",28.1,69.2,54.4
1,MI-1,"2023-09-27 11:10:15",25.7,69.2,54.4
1,MI-1,"2023-09-27 11:10:16",17.3,69.2,54.4
1,MI-1,"2023-09-27 11:10:17",26.6,69.3,54.4
1,MI-1,"2023-09-27 11:10:18",31.1,69.2,54.4
1,MI-1,"2023-09-27 11:10:19",19.3,69.3,54.4
1,MI-1,"2023-09-27 11:10:20",19.4,69.4,54.4
1,MI-1,"2023-09-27 11:10:21",12.6,69.3,54.4
1,MI-1,"2023-09-27 11:10:22",7.1,69.3,54.4
1,MI-1,"2023-09-27 11:10:23",1.5,69.3,54.4
1,MI-1,"2023-09-27 11:10:25",2,69.2,54.4
1,MI-1,"2023-09-27 11:10:26",1,69.2,54.4
1,MI-1,"2023-09-27 11:10:27",1.3,69.2,54.4
1,MI-1,"2023-09-27 11:10:28",2,69.2,54.4
1,MI-1,"2023-09-27 11:10:29",32.6,69.2,54.4
1,MI-1,"2023-09-27 11:10:30",26.4,69.2,54.4
1,MI-1,"2023-09-27 11:10:31",15.7,69.2,54.4
1,MI-1,"2023-09-27 11:10:32",15.2,69.2,54.4
1,MI-1,"2023-09-27 11:10:33",10.9,69.2,54.4
1,MI-1,"2023-09-27 11:10:34",0.8,69.2,54.4
1,MI-1,"2023-09-27 11:10:36",1,69.2,54.4
1,MI-1,"2023-09-27 11:10:37",1,69.2,54.4
1,MI-1,"2023-09-27 11:10:38",1,69.2,54.4
1,MI-1,"2023-09-27 11:10:39",1.3,69.2,54.4
1,MI-1,"2023-09-27 11:10:40",1,69.2,54.4
1,MI-1,"2023-09-27 11:10:41",1.3,69.2,54.4
1,MI-1,"2023-09-27 11:10:42",1.3,69.2,54.4
1,MI-1,"2023-09-27 11:10:43",0.8,69.2,54.4
1,MI-1,"2023-09-27 11:10:44",0.5,69.2,54.4
1,MI-1,"2023-09-27 11:10:45",1,69.2,54.4
1,MI-1,"2023-09-27 11:10:46",1.3,69.2,54.4
1,MI-1,"2023-09-27 11:10:48",0.8,69.2,54.4
1,MI-1,"2023-09-27 11:10:49",2.5,69.2,54.4
1,MI-1,"2023-09-27 11:10:50",1.3,69.2,54.4
1,MI-1,"2023-09-27 11:10:51",1.3,69.2,54.4
1,MI-1,"2023-09-27 11:10:52",0.5,69.2,54.4
1,MI-1,"2023-09-27 11:10:53",0.8,69.2,54.4
1,MI-1,"2023-09-27 11:10:54",0.5,69.2,54.4
1,MI-1,"2023-09-27 11:10:55",1.3,69.2,54.4
1,MI-1,"2023-09-27 11:10:56",1.5,69.2,54.4
1,MI-1,"2023-09-27 11:10:57",0.8,69.2,54.4
1,MI-1,"2023-09-27 11:10:59",2.3,69.2,54.4
1,MI-1,"2023-09-27 11:11:00",1.8,69.2,54.4
1,MI-1,"2023-09-27 11:11:01",1.3,69.2,54.4
1,MI-1,"2023-09-27 11:11:02",1.3,69.2,54.4
1,MI-1,"2023-09-27 11:11:03",1,69.2,54.4
1,MI-1,"2023-09-27 11:11:04",1,69.2,54.4
1,MI-1,"2023-09-27 11:11:05",1.5,69.2,54.4
1,MI-1,"2023-09-27 11:11:06",0.5,69.2,54.4
1,MI-1,"2023-09-27 11:11:07",1,69.2,54.4
1,MI-1,"2023-09-27 11:11:08",1.3,69.3,54.4
1,MI-1,"2023-09-27 11:11:10",1,69.3,54.4
1,MI-1,"2023-09-27 11:11:11",1.3,69.3,54.4
1,MI-1,"2023-09-27 11:11:12",1,69.3,54.4
1,MI-1,"2023-09-27 11:11:13",0.3,69.3,54.4
1,MI-1,"2023-09-27 11:11:14",0.3,69.3,54.4
1,MI-1,"2023-09-27 11:11:15",0.8,69.3,54.4
1,MI-1,"2023-09-27 11:11:16",0.8,69.3,54.4
1,MI-1,"2023-09-27 11:11:17",0.8,69.3,54.4
1,MI-1,"2023-09-27 11:11:18",1.5,69.2,54.4
1,MI-1,"2023-09-27 11:11:19",0.5,69.2,54.4
1,MI-1,"2023-09-27 11:11:20",0.8,69.2,54.4
1,MI-1,"2023-09-27 11:11:22",0.5,69.2,54.4
1,MI-1,"2023-09-27 11:11:23",1.3,69.2,54.4
1,MI-1,"2023-09-27 11:11:24",1,69.2,54.4
1,MI-1,"2023-09-27 11:11:25",1.5,69.2,54.4
1,MI-1,"2023-09-27 11:11:26",0.8,69.2,54.4
1,MI-1,"2023-09-27 11:11:27",1.8,69.3,54.4
1,MI-1,"2023-09-27 11:11:28",1.3,69.2,54.4
1,MI-1,"2023-09-27 11:11:29",1,69.2,54.4
1,MI-1,"2023-09-27 11:11:30",0.5,69.2,54.4
1,MI-1,"2023-09-27 11:11:31",3.3,69.3,54.4
1,MI-1,"2023-09-27 11:11:33",25.6,69.4,54.4
1,MI-1,"2023-09-27 11:11:34",19.4,68.9,54.4
1,MI-1,"2023-09-27 11:11:35",0.5,68.9,54.4
1,MI-1,"2023-09-27 11:11:36",1,68.9,54.4
1,MI-1,"2023-09-27 11:11:37",0.8,68.9,54.4
1,MI-1,"2023-09-27 11:11:38",2,68.9,54.4
1,MI-1,"2023-09-27 11:11:39",0.5,68.9,54.4
1,MI-1,"2023-09-27 11:11:40",1,68.9,54.4
1,MI-1,"2023-09-27 11:11:41",1,68.9,54.4
1,MI-1,"2023-09-27 11:11:42",1.3,68.9,54.4
1,MI-1,"2023-09-27 11:11:44",0.8,68.9,54.4
1,MI-1,"2023-09-27 11:11:45",1.8,68.9,54.4
1,MI-1,"2023-09-27 11:11:46",1,68.9,54.4
1,MI-1,"2023-09-27 11:11:47",0.3,68.9,54.4
1,MI-1,"2023-09-27 11:11:48",0.8,68.9,54.4
1,MI-1,"2023-09-27 11:11:49",0.8,68.9,54.4
1,MI-1,"2023-09-27 11:11:50",0.8,68.9,54.4
1,MI-1,"2023-09-27 11:11:51",0.8,68.9,54.4
1,MI-1,"2023-09-27 11:11:52",0.8,68.9,54.4
1,MI-1,"2023-09-27 11:11:53",1,68.9,54.4
1,MI-1,"2023-09-27 11:11:55",0.8,68.9,54.4
1,MI-1,"2023-09-27 11:11:56",0.8,68.9,54.4
1,MI-1,"2023-09-27 11:11:57",0.3,68.9,54.4
1,MI-1,"2023-09-27 11:11:58",0.5,68.9,54.4
1,MI-1,"2023-09-27 11:11:59",2,68.9,54.4
1,MI-1,"2023-09-27 11:12:00",1.3,68.9,54.4
1,MI-1,"2023-09-27 11:12:01",0.5,68.9,54.4
1,MI-1,"2023-09-27 11:12:02",1,68.9,54.4
1,MI-1,"2023-09-27 11:12:03",0.8,68.9,54.4
1,MI-1,"2023-09-27 11:12:04",0.8,68.9,54.4
1,MI-1,"2023-09-27 11:12:05",1.3,68.9,54.4
1,MI-1,"2023-09-27 11:12:07",0.3,68.9,54.4
1,MI-1,"2023-09-27 11:12:08",1,68.9,54.4
1,MI-1,"2023-09-27 11:12:09",5.3,69,54.4
1,MI-1,"2023-09-27 11:12:10",1.5,69,54.4
1,MI-1,"2023-09-27 11:12:11",0.5,69,54.4
1,MI-1,"2023-09-27 11:12:12",1.3,69,54.4
1,MI-1,"2023-09-27 11:12:13",0.3,69,54.4
1,MI-1,"2023-09-27 11:12:14",0.5,69,54.4
1,MI-1,"2023-09-27 11:12:15",1,69,54.4
1,MI-1,"2023-09-27 11:12:16",1.8,69,54.4
1,MI-1,"2023-09-27 11:12:18",1,69,54.4
1,MI-1,"2023-09-27 11:12:19",1.5,69,54.4
1,MI-1,"2023-09-27 11:12:20",0.8,69,54.4
1,MI-1,"2023-09-27 11:12:21",3.8,69,54.4
1,MI-1,"2023-09-27 11:12:22",1,69,54.4
1,MI-1,"2023-09-27 11:12:23",1.3,69,54.4
1,MI-1,"2023-09-27 11:12:24",1.3,69,54.4
1,MI-1,"2023-09-27 11:12:25",1.8,69,54.4
1,MI-1,"2023-09-27 11:12:26",0.8,69,54.4
1,MI-1,"2023-09-27 11:12:27",1.5,69,54.4
1,MI-1,"2023-09-27 11:12:29",1.5,69,54.4
1,MI-1,"2023-09-27 11:12:30",1.5,69,54.4
1,MI-1,"2023-09-27 11:12:31",1,69,54.4
1,MI-1,"2023-09-27 11:12:32",0.8,69,54.4
1,MI-1,"2023-09-27 11:12:33",0.8,69,54.4
1,MI-1,"2023-09-27 11:12:34",0.5,69,54.4
1,MI-1,"2023-09-27 11:12:35",1,69,54.4
1,MI-1,"2023-09-27 11:12:36",0.5,69,54.4
1,MI-1,"2023-09-27 11:12:37",1.5,69,54.4
1,MI-1,"2023-09-27 11:12:38",1.8,69,54.4
1,MI-1,"2023-09-27 11:12:39",0.5,69,54.4
1,MI-1,"2023-09-27 11:12:41",0.5,69,54.4
1,MI-1,"2023-09-27 11:12:42",0.8,69,54.4
1,MI-1,"2023-09-27 11:12:43",0.5,69,54.4
1,MI-1,"2023-09-27 11:12:44",0.5,69,54.4
1,MI-1,"2023-09-27 11:12:45",0.3,69,54.4
1,MI-1,"2023-09-27 11:12:46",0.8,69,54.4
1,MI-1,"2023-09-27 11:12:47",1,69,54.4
1,MI-1,"2023-09-27 11:12:48",1.8,69,54.4
1,MI-1,"2023-09-27 11:12:49",1.3,69,54.4
1,MI-1,"2023-09-27 11:12:50",0.5,69,54.4
1,MI-1,"2023-09-27 11:12:52",1.3,69,54.4
1,MI-1,"2023-09-27 11:12:53",0.5,69,54.4
1,MI-1,"2023-09-27 11:12:54",1,69,54.4
1,MI-1,"2023-09-27 11:12:55",0.8,69,54.4
1,MI-1,"2023-09-27 11:12:56",0.8,69,54.4
1,MI-1,"2023-09-27 11:12:57",0.8,69,54.4
1,MI-1,"2023-09-27 11:12:58",0.5,69,54.4
1,MI-1,"2023-09-27 11:12:59",1.3,69,54.4
1,MI-1,"2023-09-27 11:13:00",1.3,69,54.4
1,MI-1,"2023-09-27 11:13:01",1.3,69,54.4
1,MI-1,"2023-09-27 11:13:03",1.3,69,54.4
1,MI-1,"2023-09-27 11:13:04",0.8,69,54.4
1,MI-1,"2023-09-27 11:13:05",0.5,69,54.4
1,MI-1,"2023-09-27 11:13:06",0.8,69,54.4
1,MI-1,"2023-09-27 11:13:07",0.5,69,54.4
1,MI-1,"2023-09-27 11:13:08",0.8,69,54.4
1,MI-1,"2023-09-27 11:13:09",2.5,69.1,54.4
1,MI-1,"2023-09-27 11:13:10",0.8,69.1,54.4
1,MI-1,"2023-09-27 11:13:11",0.8,69.1,54.4
1,MI-1,"2023-09-27 11:13:12",1.3,69.1,54.4
1,MI-1,"2023-09-27 11:13:13",3,69.1,54.4
1,MI-1,"2023-09-27 11:13:15",1,69.1,54.4
1,MI-1,"2023-09-27 11:13:16",1.3,69.1,54.4
1,MI-1,"2023-09-27 11:13:17",2,69.1,54.4
1,MI-1,"2023-09-27 11:13:18",1,69.1,54.4
1,MI-1,"2023-09-27 11:13:19",2,69.1,54.4
1,MI-1,"2023-09-27 11:13:20",1,69.1,54.4
1,MI-1,"2023-09-27 11:13:21",0.5,69.1,54.4
1,MI-1,"2023-09-27 11:13:22",1,69.1,54.4
1,MI-1,"2023-09-27 11:13:23",1.5,69.1,54.4
1,MI-1,"2023-09-27 11:13:24",1.3,69.1,54.4
1,MI-1,"2023-09-27 11:13:26",0.5,69.1,54.4
1,MI-1,"2023-09-27 11:13:27",1,69.1,54.4
1,MI-1,"2023-09-27 11:13:28",0.3,69.1,54.4
1,MI-1,"2023-09-27 11:13:29",2.2,69.1,54.4
1,MI-1,"2023-09-27 11:13:30",1,69.1,54.4
1,MI-1,"2023-09-27 11:13:31",0.8,69.1,54.4
1,MI-1,"2023-09-27 11:13:32",0.8,69.1,54.4
1,MI-1,"2023-09-27 11:13:33",0.8,69.1,54.4
1,MI-1,"2023-09-27 11:13:34",0.8,69.1,54.4
1,MI-1,"2023-09-27 11:13:35",1,69.1,54.4
1,MI-1,"2023-09-27 11:13:36",1,69.1,54.4
1,MI-1,"2023-09-27 11:13:38",1,69.1,54.4
1,MI-1,"2023-09-27 11:13:39",2,69.1,54.4
1,MI-1,"2023-09-27 11:13:40",0.8,69.1,54.4
1,MI-1,"2023-09-27 11:13:41",0.8,69.1,54.4
1,MI-1,"2023-09-27 11:13:42",0.8,69.1,54.4
1,MI-1,"2023-09-27 11:13:43",1,69.1,54.4
1,MI-1,"2023-09-27 11:13:44",1,69.1,54.4
1,MI-1,"2023-09-27 11:13:45",0.5,69.1,54.4
1,MI-1,"2023-09-27 11:13:46",0.8,69.1,54.4
1,MI-1,"2023-09-27 11:13:47",0.8,69.1,54.4
1,MI-1,"2023-09-27 11:13:49",1.8,69.1,54.4
1,MI-1,"2023-09-27 11:13:50",1,69.1,54.4
1,MI-1,"2023-09-27 11:13:51",1,69.1,54.4
1,MI-1,"2023-09-27 11:13:52",1.3,69.1,54.4
1,MI-1,"2023-09-27 11:13:53",0.8,69.1,54.4
1,MI-1,"2023-09-27 11:13:54",0.5,69.1,54.4
1,MI-1,"2023-09-27 11:13:55",1.5,69.1,54.4
1,MI-1,"2023-09-27 11:13:56",1.3,69.1,54.4
1,MI-1,"2023-09-27 11:13:57",0.8,69.1,54.4
1,MI-1,"2023-09-27 11:13:58",0.8,69.1,54.4
1,MI-1,"2023-09-27 11:13:59",1.3,69.1,54.4
1,MI-1,"2023-09-27 11:14:01",1.3,69.1,54.4
1,MI-1,"2023-09-27 11:14:02",1,69.1,54.4
1,MI-1,"2023-09-27 11:14:03",1,69.1,54.4
1,MI-1,"2023-09-27 11:14:04",1,69.1,54.4
1,MI-1,"2023-09-27 11:14:05",1.3,69.1,54.4
1,MI-1,"2023-09-27 11:14:06",0.5,69.1,54.4
1,MI-1,"2023-09-27 11:14:07",1,69.1,54.4
1,MI-1,"2023-09-27 11:14:08",1,69.1,54.4
1,MI-1,"2023-09-27 11:14:09",1.8,69.1,54.4
1,MI-1,"2023-09-27 11:14:10",2,69.1,54.4
1,MI-1,"2023-09-27 11:14:12",1,69.1,54.4
1,MI-1,"2023-09-27 11:14:13",1,69.1,54.4
1,MI-1,"2023-09-27 11:14:14",0.8,69.1,54.4
1,MI-1,"2023-09-27 11:14:15",1.3,69.1,54.4
1,MI-1,"2023-09-27 11:14:16",1,69.1,54.4
1,MI-1,"2023-09-27 11:14:17",0.8,69.1,54.4
1,MI-1,"2023-09-27 11:14:18",1,69.1,54.4
1,MI-1,"2023-09-27 11:14:19",2,69.1,54.4
1,MI-1,"2023-09-27 11:14:20",0.8,69,54.4
1,MI-1,"2023-09-27 11:14:21",1.3,69,54.4
1,MI-1,"2023-09-27 11:14:22",0.5,69,54.4
1,MI-1,"2023-09-27 11:14:24",1.5,69,54.4
1,MI-1,"2023-09-27 11:14:25",1,69,54.4
1,MI-1,"2023-09-27 11:14:26",1.3,69,54.4
1,MI-1,"2023-09-27 11:14:27",1,69,54.4
1,MI-1,"2023-09-27 11:14:28",1,69,54.4
1,MI-1,"2023-09-27 11:14:29",1,69,54.4
1,MI-1,"2023-09-27 11:14:30",1.5,69,54.4
1,MI-1,"2023-09-27 11:14:31",1.5,69,54.4
1,MI-1,"2023-09-27 11:14:32",1,69,54.4
1,MI-1,"2023-09-27 11:14:33",0.8,69,54.4
1,MI-1,"2023-09-27 11:14:34",0.5,69,54.4
1,MI-1,"2023-09-27 11:14:36",1.5,69,54.4
1,MI-1,"2023-09-27 11:14:37",1.8,69,54.4
1,MI-1,"2023-09-27 11:14:38",0.8,69,54.4
1,MI-1,"2023-09-27 11:14:39",1.5,69,54.4
1,MI-1,"2023-09-27 11:14:40",0.8,69,54.4
1,MI-1,"2023-09-27 11:14:41",0.8,69,54.4
1,MI-1,"2023-09-27 11:14:42",1.3,69,54.4
1,MI-1,"2023-09-27 11:14:43",27.5,69.3,54.4
1,MI-1,"2023-09-27 11:14:44",31.3,69.3,54.4
1,MI-1,"2023-09-27 11:14:45",5.1,69.3,54.4
1,MI-1,"2023-09-27 11:14:47",14,69.3,54.4
1,MI-1,"2023-09-27 11:14:48",8.7,69.3,54.4
1,MI-1,"2023-09-27 11:14:49",3.3,69.3,54.4
1,MI-1,"2023-09-27 11:14:50",11.5,69.3,54.4
1,MI-1,"2023-09-27 11:14:51",15.4,69.3,54.4
1,MI-1,"2023-09-27 11:14:52",22.1,69.3,54.4
1,MI-1,"2023-09-27 11:14:53",20.1,69.4,54.4
1,MI-1,"2023-09-27 11:14:54",16.1,69.4,54.4
1,MI-1,"2023-09-27 11:14:55",22.9,69.4,54.4
1,MI-1,"2023-09-27 11:14:56",21.1,69.7,54.4
1,MI-1,"2023-09-27 11:16:53",1.3,69.5,54.4
1,MI-1,"2023-09-27 11:16:54",2.8,69.3,54.4
1,MI-1,"2023-09-27 11:16:55",0.5,69.3,54.4
1,MI-1,"2023-09-27 11:16:56",0.5,69.3,54.4
1,MI-1,"2023-09-27 11:16:58",0.5,69.3,54.4
1,MI-1,"2023-09-27 11:16:59",1,69.3,54.4
1,MI-1,"2023-09-27 11:17:00",2.3,69.3,54.4
1,MI-1,"2023-09-27 11:17:01",0.8,69.3,54.4
1,MI-1,"2023-09-27 11:17:02",1.5,69.3,54.4
1,MI-1,"2023-09-27 11:17:03",0.8,69.3,54.4
1,MI-1,"2023-09-27 11:17:04",0.8,69.3,54.4
1,MI-1,"2023-09-27 11:17:05",1,69.3,54.4
1,MI-1,"2023-09-27 11:17:06",1.3,69.3,54.4
1,MI-1,"2023-09-27 11:17:07",1.5,69.3,54.4
1,MI-1,"2023-09-27 11:17:09",0.8,69.3,54.4
1,MI-1,"2023-09-27 11:17:10",2.3,69.3,54.4
1,MI-1,"2023-09-27 11:17:11",0.8,69.3,54.4
1,MI-1,"2023-09-27 11:17:12",1.3,69.3,54.4
1,MI-1,"2023-09-27 11:17:13",0.5,69.3,54.4
1,MI-1,"2023-09-27 11:17:14",1.3,69.3,54.4
1,MI-1,"2023-09-27 11:17:15",1,69.3,54.4
1,MI-1,"2023-09-27 11:17:16",1,69.3,54.4
1,MI-1,"2023-09-27 11:17:17",0.3,69.3,54.4
1,MI-1,"2023-09-27 11:17:18",0.8,69.3,54.4
1,MI-1,"2023-09-27 11:17:19",1.8,69.3,54.4
1,MI-1,"2023-09-27 11:17:21",5.5,69.3,54.4
1,MI-1,"2023-09-27 11:17:22",0.8,69.3,54.4
1,MI-1,"2023-09-27 11:17:23",0.5,69.3,54.4
1,MI-1,"2023-09-27 11:17:24",1.3,69.3,54.4
1,MI-1,"2023-09-27 11:17:25",1.5,69.3,54.4
1,MI-1,"2023-09-27 11:17:26",0.8,69.3,54.4
1,MI-1,"2023-09-27 11:17:27",1.3,69.3,54.4
1,MI-1,"2023-09-27 11:17:28",0.8,69.3,54.4
1,MI-1,"2023-09-27 11:17:29",1.8,69.3,54.4
1,MI-1,"2023-09-27 11:17:30",1,69.3,54.4
1,MI-1,"2023-09-27 11:17:32",0.3,69.3,54.4
1,MI-1,"2023-09-27 11:17:33",0.3,69.3,54.4
1,MI-1,"2023-09-27 11:17:34",1.3,69.3,54.4
1,MI-1,"2023-09-27 11:17:35",1.5,69.3,54.4
1,MI-1,"2023-09-27 11:17:36",1.3,69.3,54.4
1,MI-1,"2023-09-27 11:17:37",1,69.3,54.4
1,MI-1,"2023-09-27 11:17:38",0.8,69.3,54.4
1,MI-1,"2023-09-27 11:17:39",1.8,69.3,54.4
1,MI-1,"2023-09-27 11:17:40",0.5,69.3,54.4
1,MI-1,"2023-09-27 11:17:41",0.8,69.3,54.4
1,MI-1,"2023-09-27 11:17:42",1,69.3,54.4
1,MI-1,"2023-09-27 11:17:44",1,69.3,54.4
1,MI-1,"2023-09-27 11:17:45",1,69.3,54.4
1,MI-1,"2023-09-27 11:17:46",1.3,69.3,54.4
1,MI-1,"2023-09-27 11:17:47",1,69.3,54.4
1,MI-1,"2023-09-27 11:17:48",1.3,69.3,54.4
1,MI-1,"2023-09-27 11:17:49",2.8,69.3,54.4
1,MI-1,"2023-09-27 11:17:50",1,69.3,54.4
1,MI-1,"2023-09-27 11:17:51",1,69.3,54.4
1,MI-1,"2023-09-27 11:17:52",1.7,69.3,54.4
1,MI-1,"2023-09-27 11:17:53",1.3,69.3,54.4
1,MI-1,"2023-09-27 11:17:55",0.8,69.3,54.4
1,MI-1,"2023-09-27 11:17:56",1,69.3,54.4
1,MI-1,"2023-09-27 11:17:57",0.5,69.3,54.4
1,MI-1,"2023-09-27 11:17:58",0.5,69.3,54.4
1,MI-1,"2023-09-27 11:17:59",0.5,69.3,54.4
1,MI-1,"2023-09-27 11:18:00",2.5,69.3,54.4
1,MI-1,"2023-09-27 11:18:01",1,69.3,54.4
1,MI-1,"2023-09-27 11:18:02",1.3,69.3,54.4
1,MI-1,"2023-09-27 11:18:03",0.8,69.3,54.4
1,MI-1,"2023-09-27 11:18:04",1.5,69.3,54.4
1,MI-1,"2023-09-27 11:18:05",0.8,69.3,54.4
1,MI-1,"2023-09-27 11:18:07",1.3,69.3,54.4
1,MI-1,"2023-09-27 11:18:08",1,69.3,54.4
1,MI-1,"2023-09-27 11:18:09",0.8,69.3,54.4
1,MI-1,"2023-09-27 11:18:10",2.3,69.4,54.4
1,MI-1,"2023-09-27 11:18:11",0.8,69.4,54.4
1,MI-1,"2023-09-27 11:18:12",0.8,69.4,54.4
1,MI-1,"2023-09-27 11:18:13",0,69.4,54.4
1,MI-1,"2023-09-27 11:18:14",0.5,69.4,54.4
1,MI-1,"2023-09-27 11:18:15",1.3,69.4,54.4
1,MI-1,"2023-09-27 11:18:16",0.5,69.4,54.4
1,MI-1,"2023-09-27 11:18:18",0.3,69.4,54.4
1,MI-1,"2023-09-27 11:18:19",0.8,69.4,54.4
1,MI-1,"2023-09-27 11:18:20",2,69.3,54.4
1,MI-1,"2023-09-27 11:18:21",0.5,69.3,54.4
1,MI-1,"2023-09-27 11:18:22",1.3,69.3,54.4
1,MI-1,"2023-09-27 11:18:23",0.8,69.3,54.4
1,MI-1,"2023-09-27 11:18:24",1,69.3,54.4
1,MI-1,"2023-09-27 11:18:25",2.5,69.3,54.4
1,MI-1,"2023-09-27 11:18:26",0.8,69.3,54.4
1,MI-1,"2023-09-27 11:18:27",1,69.3,54.4
1,MI-1,"2023-09-27 11:18:28",1.3,69.3,54.4
1,MI-1,"2023-09-27 11:18:30",2,69.3,54.4
1,MI-1,"2023-09-27 11:18:31",1.5,69.3,54.4
1,MI-1,"2023-09-27 11:18:32",1.5,69.3,54.4
1,MI-1,"2023-09-27 11:18:33",1.8,69.3,54.4
1,MI-1,"2023-09-27 11:18:34",0.5,69.3,54.4
1,MI-1,"2023-09-27 11:18:35",0.5,69.3,54.4
1,MI-1,"2023-09-27 11:18:36",0.8,69.3,54.4
1,MI-1,"2023-09-27 11:18:37",1,69.3,54.4
1,MI-1,"2023-09-27 11:18:38",1,69.3,54.4
1,MI-1,"2023-09-27 11:18:39",1.8,69.4,54.4
1,MI-1,"2023-09-27 11:18:41",0.8,69.4,54.4
1,MI-1,"2023-09-27 11:18:42",0.3,69.4,54.4
1,MI-1,"2023-09-27 11:18:43",1.3,69.4,54.4
1,MI-1,"2023-09-27 11:18:44",0.5,69.4,54.4
1,MI-1,"2023-09-27 11:18:45",0.8,69.4,54.4
1,MI-1,"2023-09-27 11:18:46",1.3,69.4,54.4
1,MI-1,"2023-09-27 11:18:47",0.8,69.4,54.4
1,MI-1,"2023-09-27 11:18:48",1,69.4,54.4
1,MI-1,"2023-09-27 11:18:49",2.3,69.4,54.4
1,MI-1,"2023-09-27 11:18:50",1,69.4,54.4
1,MI-1,"2023-09-27 11:18:51",0.8,69.4,54.4
1,MI-1,"2023-09-27 11:18:53",1.3,69.3,54.4
1,MI-1,"2023-09-27 11:18:54",1,69.3,54.4
1,MI-1,"2023-09-27 11:18:55",1.5,69.3,54.4
1,MI-1,"2023-09-27 11:18:56",1,69.3,54.4
1,MI-1,"2023-09-27 11:18:57",0.5,69.3,54.4
1,MI-1,"2023-09-27 11:18:58",0.5,69.3,54.4
1,MI-1,"2023-09-27 11:18:59",1,69.3,54.4
1,MI-1,"2023-09-27 11:19:00",2.3,69.3,54.4
1,MI-1,"2023-09-27 11:19:01",1.5,69.3,54.4
1,MI-1,"2023-09-27 11:19:02",0.8,69.3,54.4
1,MI-1,"2023-09-27 11:19:04",1,69.3,54.4
1,MI-1,"2023-09-27 11:19:05",1.3,69.3,54.4
1,MI-1,"2023-09-27 11:19:06",1,69.3,54.4
1,MI-1,"2023-09-27 11:19:07",1,69.3,54.4
1,MI-1,"2023-09-27 11:19:08",1.5,69.3,54.4
1,MI-1,"2023-09-27 11:19:09",0.8,69.3,54.4
1,MI-1,"2023-09-27 11:19:10",2.8,69.4,54.4
1,MI-1,"2023-09-27 11:19:11",1,69.4,54.4
1,MI-1,"2023-09-27 11:19:12",1,69.4,54.4
1,MI-1,"2023-09-27 11:19:13",1.3,69.4,54.4
1,MI-1,"2023-09-27 11:19:15",1.3,69.4,54.4
1,MI-1,"2023-09-27 11:19:16",1.3,69.4,54.4
1,MI-1,"2023-09-27 11:19:17",0.8,69.4,54.4
1,MI-1,"2023-09-27 11:19:18",0.5,69.4,54.4
1,MI-1,"2023-09-27 11:19:19",1,69.4,54.4
1,MI-1,"2023-09-27 11:19:20",1,69.4,54.4
1,MI-1,"2023-09-27 11:19:21",1.5,69.4,54.4
1,MI-1,"2023-09-27 11:19:22",2,69.4,54.4
1,MI-1,"2023-09-27 11:19:23",0.5,69.4,54.4
1,MI-1,"2023-09-27 11:19:24",0.8,69.4,54.4
1,MI-1,"2023-09-27 11:19:25",1.8,69.4,54.4
1,MI-1,"2023-09-27 11:19:27",0.8,69.4,54.4
1,MI-1,"2023-09-27 11:19:28",0.5,69.4,54.4
1,MI-1,"2023-09-27 11:19:29",0.5,69.4,54.4
1,MI-1,"2023-09-27 11:19:30",1.8,69.3,54.4
1,MI-1,"2023-09-27 11:19:31",1.3,69.4,54.4
1,MI-1,"2023-09-27 11:19:32",0.8,69.4,54.4
1,MI-1,"2023-09-27 11:19:33",0.8,69.4,54.4
1,MI-1,"2023-09-27 11:19:34",0.5,69.4,54.4
1,MI-1,"2023-09-27 11:19:35",3.5,69.4,54.4
1,MI-1,"2023-09-27 11:19:36",1,69.4,54.4
1,MI-1,"2023-09-27 11:19:37",25.6,69.9,54.4
1,MI-1,"2023-09-27 11:19:39",33,69.6,54.4
1,MI-1,"2023-09-27 11:19:40",8.6,69.5,54.4
1,MI-1,"2023-09-27 11:19:41",8.5,69.4,54.4
1,MI-1,"2023-09-27 11:19:42",11.3,69.4,54.4
1,MI-1,"2023-09-27 11:19:43",9.6,69.3,54.4
1,MI-1,"2023-09-27 11:19:44",10.6,69.3,54.4
1,MI-1,"2023-09-27 11:19:45",3,69.2,54.4
1,MI-1,"2023-09-27 11:19:46",1.8,69.2,54.4
1,MI-1,"2023-09-27 11:19:47",2.5,69.2,54.4
1,MI-1,"2023-09-27 11:19:48",1.5,69.2,54.4
1,MI-1,"2023-09-27 11:19:50",10,69.2,54.4
1,MI-1,"2023-09-27 11:19:51",2.5,69.2,54.4
1,MI-1,"2023-09-27 11:19:52",3.3,69.2,54.4
1,MI-1,"2023-09-27 11:19:53",3.8,69.2,54.4
1,MI-1,"2023-09-27 11:19:54",2.8,69.2,54.4
1,MI-1,"2023-09-27 11:19:55",3.3,69.2,54.4
1,MI-1,"2023-09-27 11:19:56",3.6,69.2,54.4
1,MI-1,"2023-09-27 11:19:57",3.8,69.2,54.4
1,MI-1,"2023-09-27 11:19:58",2.5,69.2,54.4
1,MI-1,"2023-09-27 11:19:59",5.7,69.2,54.4
1,MI-1,"2023-09-27 11:20:01",2,69.2,54.4
1,MI-1,"2023-09-27 11:20:02",2,69.2,54.4
1,MI-1,"2023-09-27 11:20:03",3,69.2,54.4
1,MI-1,"2023-09-27 11:20:04",3.5,69.2,54.4
1,MI-1,"2023-09-27 11:20:05",4.1,69.2,54.4
1,MI-1,"2023-09-27 11:20:06",4.3,69.2,54.4
1,MI-1,"2023-09-27 11:20:07",8.5,69.2,54.4
1,MI-1,"2023-09-27 11:20:08",6.1,69.2,54.4
1,MI-1,"2023-09-27 11:20:09",4.6,69.2,54.4
1,MI-1,"2023-09-27 11:20:10",6.9,69.2,54.4
1,MI-1,"2023-09-27 11:20:11",5.3,69.2,54.4
1,MI-1,"2023-09-27 11:20:13",12.6,69.2,54.4
1,MI-1,"2023-09-27 11:20:14",10.6,69.2,54.4
1,MI-1,"2023-09-27 11:20:15",9.5,69.3,54.4
1,MI-1,"2023-09-27 11:20:16",9.2,69.3,54.4
1,MI-1,"2023-09-27 11:20:17",1.8,69.3,54.4
1,MI-1,"2023-09-27 11:20:18",16.1,69.4,54.4
1,MI-1,"2023-09-27 11:20:19",9.4,69.4,54.4
1,MI-1,"2023-09-27 11:20:20",13.3,69.3,54.4
1,MI-1,"2023-09-27 11:20:21",10.7,69.4,54.4
1,MI-1,"2023-09-27 11:20:22",24.9,69.5,54.4
1,MI-1,"2023-09-27 11:20:24",6.2,69.5,54.4
1,MI-1,"2023-09-27 11:20:25",11.8,69.4,54.4
1,MI-1,"2023-09-27 11:20:26",15.3,69.4,54.4
1,MI-1,"2023-09-27 11:20:27",8.2,69.4,54.4
1,MI-1,"2023-09-27 11:20:28",18.4,69.4,54.4
1,MI-1,"2023-09-27 11:20:29",1.5,69.4,54.4
1,MI-1,"2023-09-27 11:20:30",9.6,69.3,54.4
1,MI-1,"2023-09-27 11:20:31",2.8,69.3,54.4
1,MI-1,"2023-09-27 11:20:32",0.8,69.3,54.4
1,MI-1,"2023-09-27 11:20:33",1.3,69.3,54.4
1,MI-1,"2023-09-27 11:20:35",1,69.3,54.4
1,MI-1,"2023-09-27 11:20:36",1.5,69.3,54.4
1,MI-1,"2023-09-27 11:20:37",2.3,69.3,54.4
1,MI-1,"2023-09-27 11:20:38",1.3,69.3,54.4
1,MI-1,"2023-09-27 11:20:39",0.5,69.3,54.4
1,MI-1,"2023-09-27 11:20:40",2,69.3,54.4
1,MI-1,"2023-09-27 11:20:41",1,69.3,54.4
1,MI-1,"2023-09-27 11:20:42",0.8,69.3,54.4
1,MI-1,"2023-09-27 11:20:43",1,69.3,54.4
1,MI-1,"2023-09-27 11:20:44",0.5,69.3,54.4
1,MI-1,"2023-09-27 11:20:45",0.8,69.3,54.4
1,MI-1,"2023-09-27 11:20:47",1.3,69.3,54.4
1,MI-1,"2023-09-27 11:20:48",1.3,69.3,54.4
1,MI-1,"2023-09-27 11:20:49",1.3,69.3,54.4
1,MI-1,"2023-09-27 11:20:50",1.8,69.3,54.4
1,MI-1,"2023-09-27 11:20:51",0.8,69.3,54.4
1,MI-1,"2023-09-27 11:20:52",0.5,69.3,54.4
1,MI-1,"2023-09-27 11:20:53",0.5,69.3,54.4
1,MI-1,"2023-09-27 11:20:54",1,69.3,54.4
1,MI-1,"2023-09-27 11:20:55",0.5,69.3,54.4
1,MI-1,"2023-09-27 11:20:56",0.8,69.3,54.4
1,MI-1,"2023-09-27 11:20:58",1.3,69.3,54.4
1,MI-1,"2023-09-27 11:20:59",28.4,69.4,54.4
1,MI-1,"2023-09-27 11:21:00",31.6,69.4,54.4
1,MI-1,"2023-09-27 11:21:01",31,69.4,54.4
1,MI-1,"2023-09-27 11:21:02",30.6,69.4,54.4
1,MI-1,"2023-09-27 11:21:03",30.1,69.4,54.4
1,MI-1,"2023-09-27 11:21:04",0.8,69.4,54.4
1,MI-1,"2023-09-27 11:21:05",0.8,69.4,54.4
1,MI-1,"2023-09-27 11:21:06",10.4,69.3,54.4
1,MI-1,"2023-09-27 11:21:07",1.3,69.3,54.4
1,MI-1,"2023-09-27 11:21:08",0.8,69.3,54.4
1,MI-1,"2023-09-27 11:21:10",1.3,69.3,54.4
1,MI-1,"2023-09-27 11:21:11",0.8,69.3,54.4
1,MI-1,"2023-09-27 11:21:12",0.8,69.3,54.4
1,MI-1,"2023-09-27 11:21:13",0.8,69.3,54.4
1,MI-1,"2023-09-27 11:21:14",1.7,69.3,54.4
1,MI-1,"2023-09-27 11:21:15",0.8,69.3,54.4
1,MI-1,"2023-09-27 11:21:16",0.8,69.3,54.4
1,MI-1,"2023-09-27 11:21:17",0.3,69.3,54.4
1,MI-1,"2023-09-27 11:21:18",0.8,69.3,54.4
1,MI-1,"2023-09-27 11:21:19",1.3,69.3,54.4
1,MI-1,"2023-09-27 11:21:21",2.3,69.4,54.4
1,MI-1,"2023-09-27 11:21:22",0.5,69.4,54.4
1,MI-1,"2023-09-27 11:21:23",1,69.4,54.4
1,MI-1,"2023-09-27 11:21:24",0.8,69.4,54.4
1,MI-1,"2023-09-27 11:21:25",0.8,69.4,54.4
1,MI-1,"2023-09-27 11:21:26",0.5,69.4,54.4
1,MI-1,"2023-09-27 11:21:27",0.3,69.4,54.4
1,MI-1,"2023-09-27 11:21:28",0.3,69.4,54.4
1,MI-1,"2023-09-27 11:21:29",1,69.4,54.4
1,MI-1,"2023-09-27 11:21:30",1.3,69.4,54.4
1,MI-1,"2023-09-27 11:21:31",0.5,69.4,54.4
1,MI-1,"2023-09-27 11:21:33",0.8,69.4,54.4
1,MI-1,"2023-09-27 11:21:34",0.8,69.4,54.4
1,MI-1,"2023-09-27 11:21:35",1.7,69.4,54.4
1,MI-1,"2023-09-27 11:21:36",1.3,69.4,54.4
1,MI-1,"2023-09-27 11:21:37",1.3,69.4,54.4
1,MI-1,"2023-09-27 11:21:38",0.5,69.4,54.4
1,MI-1,"2023-09-27 11:21:39",0.5,69.4,54.4
1,MI-1,"2023-09-27 11:21:40",1.5,69.4,54.4
1,MI-1,"2023-09-27 11:21:41",1.3,69.4,54.4
1,MI-1,"2023-09-27 11:21:42",0.3,69.4,54.4
1,MI-1,"2023-09-27 11:21:43",1,69.4,54.4
1,MI-1,"2023-09-27 11:21:45",1.3,69.4,54.4
1,MI-1,"2023-09-27 11:21:46",0.8,69.4,54.4
1,MI-1,"2023-09-27 11:21:47",0.5,69.4,54.4
1,MI-1,"2023-09-27 11:21:48",0.8,69.4,54.4
1,MI-1,"2023-09-27 11:21:49",1.3,69.4,54.4
1,MI-1,"2023-09-27 11:21:50",1.8,69.4,54.4
1,MI-1,"2023-09-27 11:21:51",1.8,69.4,54.4
1,MI-1,"2023-09-27 11:21:52",0.8,69.4,54.4
1,MI-1,"2023-09-27 11:21:53",0.3,69.4,54.4
1,MI-1,"2023-09-27 11:21:54",1,69.4,54.4
1,MI-1,"2023-09-27 11:21:56",0.3,69.4,54.4
1,MI-1,"2023-09-27 11:21:57",0.8,69.4,54.4
1,MI-1,"2023-09-27 11:21:58",1.3,69.4,54.4
1,MI-1,"2023-09-27 11:21:59",2.5,69.4,54.4
1,MI-1,"2023-09-27 11:22:00",3.2,69.4,54.4
1,MI-1,"2023-09-27 11:22:01",4.1,69.4,54.4
1,MI-1,"2023-09-27 11:22:02",1.3,69.4,54.4
1,MI-1,"2023-09-27 11:22:03",1.3,69.4,54.4
1,MI-1,"2023-09-27 11:22:04",0.8,69.4,54.4
1,MI-1,"2023-09-27 11:22:05",1.8,69.4,54.4
1,MI-1,"2023-09-27 11:22:07",0.5,69.4,54.4
1,MI-1,"2023-09-27 11:22:08",0.8,69.4,54.4
1,MI-1,"2023-09-27 11:22:09",2,69.4,54.4
1,MI-1,"2023-09-27 11:22:10",2.3,69.3,54.4
1,MI-1,"2023-09-27 11:22:11",0.3,69.3,54.4
1,MI-1,"2023-09-27 11:22:12",0.5,69.3,54.4
1,MI-1,"2023-09-27 11:22:13",0.8,69.4,54.4
1,MI-1,"2023-09-27 11:22:14",1,69.4,54.4
1,MI-1,"2023-09-27 11:22:15",0.8,69.4,54.4
1,MI-1,"2023-09-27 11:22:16",1,69.4,54.4
1,MI-1,"2023-09-27 11:22:17",13.2,69.5,54.4
1,MI-1,"2023-09-27 11:22:19",21.9,69.5,54.4
1,MI-1,"2023-09-27 11:22:20",23.5,69.6,54.4
1,MI-1,"2023-09-27 11:22:21",35.7,69.7,54.4
1,MI-1,"2023-09-27 11:22:22",31.3,69.8,54.4
1,MI-1,"2023-09-27 11:22:23",39.5,69.6,54.4
1,MI-1,"2023-09-27 11:22:24",33.3,69.6,54.4
1,MI-1,"2023-09-27 11:22:25",7.4,69.5,54.4
1,MI-1,"2023-09-27 11:22:26",2,69.4,54.4
1,MI-1,"2023-09-27 11:22:27",1.8,69.4,54.4
1,MI-1,"2023-09-27 11:22:28",1.3,69.4,54.4
1,MI-1,"2023-09-27 11:22:30",0.8,69.3,54.4
1,MI-1,"2023-09-27 11:22:31",1.8,69.3,54.4
1,MI-1,"2023-09-27 11:22:32",1.3,69.3,54.4
1,MI-1,"2023-09-27 11:22:33",1,69.3,54.4
1,MI-1,"2023-09-27 11:22:34",1.8,69.3,54.4
1,MI-1,"2023-09-27 11:22:35",1.8,69.3,54.4
1,MI-1,"2023-09-27 11:22:36",0.5,69.3,54.4
1,MI-1,"2023-09-27 11:22:37",1,69.3,54.4
1,MI-1,"2023-09-27 11:22:38",1,69.3,54.4
1,MI-1,"2023-09-27 11:22:39",1.3,69.3,54.4
1,MI-1,"2023-09-27 11:22:40",2.8,69.3,54.4
1,MI-1,"2023-09-27 11:22:42",1.3,69.4,54.4
1,MI-1,"2023-09-27 11:22:43",0.8,69.4,54.4
1,MI-1,"2023-09-27 11:22:44",0.5,69.3,54.4
1,MI-1,"2023-09-27 11:22:45",1,69.3,54.4
1,MI-1,"2023-09-27 11:22:46",1.3,69.3,54.4
1,MI-1,"2023-09-27 11:22:47",1.5,69.3,54.4
1,MI-1,"2023-09-27 11:22:48",2,69.3,54.4
1,MI-1,"2023-09-27 11:22:49",34.6,69.4,54.4
1,MI-1,"2023-09-27 11:22:50",20.1,69.4,54.4
1,MI-1,"2023-09-27 11:22:51",8.9,69.4,54.4
1,MI-1,"2023-09-27 11:22:53",18.7,69.4,54.4
1,MI-1,"2023-09-27 11:22:54",1,69.3,54.4
1,MI-1,"2023-09-27 11:22:55",1,69.2,54.4
1,MI-1,"2023-09-27 11:22:56",10.1,69.2,54.4
1,MI-1,"2023-09-27 11:22:57",1,69.2,54.4
1,MI-1,"2023-09-27 11:22:58",1.2,69.2,54.4
1,MI-1,"2023-09-27 11:22:59",1.8,69.2,54.4
1,MI-1,"2023-09-27 11:23:00",1.3,69.2,54.4
1,MI-1,"2023-09-27 11:23:01",0.5,69.2,54.4
1,MI-1,"2023-09-27 11:23:02",0.5,69.2,54.4
1,MI-1,"2023-09-27 11:23:03",1.5,69.2,54.4
1,MI-1,"2023-09-27 11:23:05",0.5,69.2,54.4
1,MI-1,"2023-09-27 11:23:06",0.8,69.2,54.4
1,MI-1,"2023-09-27 11:23:07",1.3,69.2,54.4
1,MI-1,"2023-09-27 11:23:08",0.3,69.2,54.4
1,MI-1,"2023-09-27 11:23:09",0.8,69.2,54.4
1,MI-1,"2023-09-27 11:23:10",2,69.2,54.4
1,MI-1,"2023-09-27 11:23:11",0.5,69.2,54.4
1,MI-1,"2023-09-27 11:23:12",0.8,69.2,54.4
1,MI-1,"2023-09-27 11:23:13",0.5,69.2,54.4
1,MI-1,"2023-09-27 11:23:14",1.3,69.2,54.4
1,MI-1,"2023-09-27 11:23:16",1,69.2,54.4
1,MI-1,"2023-09-27 11:23:17",0.3,69.2,54.4
1,MI-1,"2023-09-27 11:23:18",1,69.2,54.4
1,MI-1,"2023-09-27 11:23:19",1.3,69.2,54.4
1,MI-1,"2023-09-27 11:23:20",0.8,69.2,54.4
1,MI-1,"2023-09-27 11:23:21",0.5,69.2,54.4
1,MI-1,"2023-09-27 11:23:22",0.8,69.2,54.4
1,MI-1,"2023-09-27 11:23:23",0.5,69.2,54.4
1,MI-1,"2023-09-27 11:23:24",1.3,69.2,54.4
1,MI-1,"2023-09-27 11:23:25",1.8,69.2,54.4
1,MI-1,"2023-09-27 11:23:26",1.3,69.2,54.4
1,MI-1,"2023-09-27 11:23:28",1,69.2,54.4
1,MI-1,"2023-09-27 11:23:29",1.3,69.2,54.4
1,MI-1,"2023-09-27 11:23:30",0.8,69.2,54.4
1,MI-1,"2023-09-27 11:23:31",2.3,69.2,54.4
1,MI-1,"2023-09-27 11:23:32",1,69.2,54.4
1,MI-1,"2023-09-27 11:23:33",0.8,69.2,54.4
1,MI-1,"2023-09-27 11:23:34",1,69.2,54.4
1,MI-1,"2023-09-27 11:23:35",0.8,69.2,54.4
1,MI-1,"2023-09-27 11:23:36",0.8,69.2,54.4
1,MI-1,"2023-09-27 11:23:37",1.5,69.2,54.4
1,MI-1,"2023-09-27 11:23:39",0.5,69.2,54.4
1,MI-1,"2023-09-27 11:23:40",0.3,69.2,54.4
1,MI-1,"2023-09-27 11:23:41",2,69.2,54.4
1,MI-1,"2023-09-27 11:23:42",0.5,69.2,54.4
1,MI-1,"2023-09-27 11:23:43",0.8,69.2,54.4
1,MI-1,"2023-09-27 11:23:44",1,69.2,54.4
1,MI-1,"2023-09-27 11:23:45",1,69.2,54.4
1,MI-1,"2023-09-27 11:23:46",0.5,69.2,54.4
1,MI-1,"2023-09-27 11:23:47",1.8,69.2,54.4
1,MI-1,"2023-09-27 11:23:48",1,69.2,54.4
1,MI-1,"2023-09-27 11:23:50",0.8,69.2,54.4
1,MI-1,"2023-09-27 11:23:51",2.8,69.2,54.4
1,MI-1,"2023-09-27 11:23:52",0.3,69.2,54.4
1,MI-1,"2023-09-27 11:23:53",1.5,69.2,54.4
1,MI-1,"2023-09-27 11:23:54",1,69.2,54.4
1,MI-1,"2023-09-27 11:23:55",0.5,69.2,54.4
1,MI-1,"2023-09-27 11:23:56",1,69.2,54.4
1,MI-1,"2023-09-27 11:23:57",0,69.2,54.4
1,MI-1,"2023-09-27 11:23:58",1,69.2,54.4
1,MI-1,"2023-09-27 11:23:59",1,69.2,54.4
1,MI-1,"2023-09-27 11:24:00",8.7,69.2,54.4
1,MI-1,"2023-09-27 11:24:02",0.8,69.2,54.4
1,MI-1,"2023-09-27 11:24:03",1.3,69.2,54.4
1,MI-1,"2023-09-27 11:24:04",0.8,69.2,54.4
1,MI-1,"2023-09-27 11:24:05",0.5,69.2,54.4
1,MI-1,"2023-09-27 11:24:06",1.5,69.2,54.4
1,MI-1,"2023-09-27 11:24:07",0.5,69.2,54.4
1,MI-1,"2023-09-27 11:24:08",1,69.2,54.4
1,MI-1,"2023-09-27 11:24:09",1.3,69.2,54.4
1,MI-1,"2023-09-27 11:24:10",1.8,69.2,54.4
1,MI-1,"2023-09-27 11:24:11",0.8,69.2,54.4
1,MI-1,"2023-09-27 11:24:13",1,69.2,54.4
1,MI-1,"2023-09-27 11:24:14",0.5,69.2,54.4
1,MI-1,"2023-09-27 11:24:15",1,69.2,54.4
1,MI-1,"2023-09-27 11:24:16",0.8,69.2,54.4
1,MI-1,"2023-09-27 11:24:17",0.5,69.2,54.4
1,MI-1,"2023-09-27 11:24:18",1,69.2,54.4
1,MI-1,"2023-09-27 11:24:19",1,69.2,54.4
1,MI-1,"2023-09-27 11:24:20",1.3,69.2,54.4
1,MI-1,"2023-09-27 11:24:21",1.3,69.2,54.4
1,MI-1,"2023-09-27 11:24:22",0.8,69.2,54.4
1,MI-1,"2023-09-27 11:24:23",0.5,69.2,54.4
1,MI-1,"2023-09-27 11:24:25",3.3,69.2,54.4
1,MI-1,"2023-09-27 11:24:26",2.3,69.2,54.4
1,MI-1,"2023-09-27 11:24:27",1.5,69.2,54.4
1,MI-1,"2023-09-27 11:24:28",0.8,69.2,54.4
1,MI-1,"2023-09-27 11:24:29",1,69.2,54.4
1,MI-1,"2023-09-27 11:24:30",1.5,69.2,54.4
1,MI-1,"2023-09-27 11:24:31",2.5,69.2,54.4
1,MI-1,"2023-09-27 11:24:32",1,69.2,54.4
1,MI-1,"2023-09-27 11:24:33",0.8,69.2,54.4
1,MI-1,"2023-09-27 11:24:34",1,69.2,54.4
1,MI-1,"2023-09-27 11:24:36",0.5,69.2,54.4
1,MI-1,"2023-09-27 11:24:37",1.5,69.2,54.4
1,MI-1,"2023-09-27 11:24:38",0.8,69.2,54.4
1,MI-1,"2023-09-27 11:24:39",1.3,69.2,54.4
1,MI-1,"2023-09-27 11:24:40",1.3,69.2,54.4
1,MI-1,"2023-09-27 11:24:41",1.8,69.2,54.4
1,MI-1,"2023-09-27 11:24:42",1.5,69.2,54.4
1,MI-1,"2023-09-27 11:24:43",1,69.2,54.4
1,MI-1,"2023-09-27 11:24:44",0.8,69.2,54.4
1,MI-1,"2023-09-27 11:24:45",1.3,69.2,54.4
1,MI-1,"2023-09-27 11:24:47",1,69.2,54.4
1,MI-1,"2023-09-27 11:24:48",0.5,69.2,54.4
1,MI-1,"2023-09-27 11:24:49",0.8,69.2,54.4
1,MI-1,"2023-09-27 11:24:50",0.8,69.2,54.4
1,MI-1,"2023-09-27 11:24:51",2.3,69.2,54.4
1,MI-1,"2023-09-27 11:24:52",0.8,69.2,54.4
1,MI-1,"2023-09-27 11:24:53",0.8,69.2,54.4
1,MI-1,"2023-09-27 11:24:54",0.8,69.2,54.4
1,MI-1,"2023-09-27 11:24:55",1.8,69.2,54.4
1,MI-1,"2023-09-27 11:24:56",0.5,69.2,54.4
1,MI-1,"2023-09-27 11:24:57",1,69.2,54.4
1,MI-1,"2023-09-27 11:24:59",0.8,69.2,54.4
1,MI-1,"2023-09-27 11:25:00",0.8,69.2,54.4
1,MI-1,"2023-09-27 11:25:01",2.3,69.2,54.4
1,MI-1,"2023-09-27 11:25:02",1,69.2,54.4
1,MI-1,"2023-09-27 11:25:03",0.5,69.2,54.4
1,MI-1,"2023-09-27 11:25:04",0.8,69.2,54.4
1,MI-1,"2023-09-27 11:25:05",0.8,69.2,54.4
1,MI-1,"2023-09-27 11:25:06",1.5,69.2,54.4
1,MI-1,"2023-09-27 11:25:07",0.5,69.2,54.4
1,MI-1,"2023-09-27 11:25:08",1.3,69.2,54.4
1,MI-1,"2023-09-27 11:25:10",1,69.2,54.4
1,MI-1,"2023-09-27 11:25:11",2.3,69.2,54.4
1,MI-1,"2023-09-27 11:25:12",0.5,69.2,54.4
1,MI-1,"2023-09-27 11:25:13",0.5,69.2,54.4
1,MI-1,"2023-09-27 11:25:14",1,69.2,54.4
1,MI-1,"2023-09-27 11:25:15",0.8,69.2,54.4
1,MI-1,"2023-09-27 11:25:16",0.8,69.2,54.4
1,MI-1,"2023-09-27 11:25:17",1,69.2,54.4
1,MI-1,"2023-09-27 11:25:18",1,69.2,54.4
1,MI-1,"2023-09-27 11:25:19",0.5,69.2,54.4
1,MI-1,"2023-09-27 11:25:20",1,69.2,54.4
1,MI-1,"2023-09-27 11:25:22",0.5,69.2,54.4
1,MI-1,"2023-09-27 11:25:23",0.3,69.2,54.4
1,MI-1,"2023-09-27 11:25:24",0.8,69.2,54.4
1,MI-1,"2023-09-27 11:25:25",1.3,69.2,54.4
1,MI-1,"2023-09-27 11:25:26",1.3,69.2,54.4
1,MI-1,"2023-09-27 11:25:27",1.5,69.2,54.4
1,MI-1,"2023-09-27 11:25:28",0.5,69.2,54.4
1,MI-1,"2023-09-27 11:25:29",0.5,69.2,54.4
1,MI-1,"2023-09-27 11:25:30",0.8,69.2,54.4
1,MI-1,"2023-09-27 11:25:31",0.5,69.2,54.4
1,MI-1,"2023-09-27 11:25:33",0.8,69.2,54.4
1,MI-1,"2023-09-27 11:25:34",1,69.2,54.4
1,MI-1,"2023-09-27 11:25:35",0.8,69.2,54.4
1,MI-1,"2023-09-27 11:25:36",1.5,69.2,54.4
1,MI-1,"2023-09-27 11:25:37",1.5,69.2,54.4
1,MI-1,"2023-09-27 11:25:38",1.3,69.2,54.4
1,MI-1,"2023-09-27 11:25:39",1,69.2,54.4
1,MI-1,"2023-09-27 11:25:40",0.8,69.2,54.4
1,MI-1,"2023-09-27 11:25:41",1.8,69.2,54.4
1,MI-1,"2023-09-27 11:25:42",0.3,69.2,54.4
1,MI-1,"2023-09-27 11:25:43",0.8,69.2,54.4
1,MI-1,"2023-09-27 11:25:45",1.8,69.2,54.4
1,MI-1,"2023-09-27 11:25:46",0.8,69.2,54.4
1,MI-1,"2023-09-27 11:25:47",1,69.2,54.4
1,MI-1,"2023-09-27 11:25:48",1,69.2,54.4
1,MI-1,"2023-09-27 11:25:49",1,69.2,54.4
1,MI-1,"2023-09-27 11:25:50",0.8,69.2,54.4
1,MI-1,"2023-09-27 11:25:51",1.8,69.2,54.4
1,MI-1,"2023-09-27 11:25:52",1.3,69.2,54.4
1,MI-1,"2023-09-27 11:25:53",1.5,69.2,54.4
1,MI-1,"2023-09-27 11:25:54",0.8,69.2,54.4
1,MI-1,"2023-09-27 11:25:56",0.3,69.2,54.4
1,MI-1,"2023-09-27 11:25:57",1.5,69.2,54.4
1,MI-1,"2023-09-27 11:25:58",0.8,69.2,54.4
1,MI-1,"2023-09-27 11:25:59",0.5,69.2,54.4
1,MI-1,"2023-09-27 11:26:00",1.3,69.2,54.4
1,MI-1,"2023-09-27 11:26:01",1.5,69.2,54.4
1,MI-1,"2023-09-27 11:26:02",1.5,69.2,54.4
1,MI-1,"2023-09-27 11:26:03",0.8,69.2,54.4
1,MI-1,"2023-09-27 11:26:04",0.3,69.2,54.4
1,MI-1,"2023-09-27 11:26:05",0.8,69.2,54.4
1,MI-1,"2023-09-27 11:26:06",0.8,69.2,54.4
1,MI-1,"2023-09-27 11:26:08",1,69.2,54.4
1,MI-1,"2023-09-27 11:26:09",1.5,69.2,54.4
1,MI-1,"2023-09-27 11:26:10",1.3,69.2,54.4
1,MI-1,"2023-09-27 11:26:11",1.3,69.2,54.4
1,MI-1,"2023-09-27 11:26:12",1,69.2,54.4
1,MI-1,"2023-09-27 11:26:13",1.3,69.2,54.4
1,MI-1,"2023-09-27 11:26:14",1.8,69.2,54.4
1,MI-1,"2023-09-27 11:26:15",0.5,69.2,54.4
1,MI-1,"2023-09-27 11:26:16",0.5,69.2,54.4
1,MI-1,"2023-09-27 11:26:17",0.8,69.2,54.4
1,MI-1,"2023-09-27 11:26:19",0.5,69.2,54.4
1,MI-1,"2023-09-27 11:26:20",0.8,69.2,54.4
1,MI-1,"2023-09-27 11:26:21",2.8,69.2,54.4
1,MI-1,"2023-09-27 11:26:22",1,69.2,54.4
1,MI-1,"2023-09-27 11:26:23",1,69.2,54.4
1,MI-1,"2023-09-27 11:26:24",0.5,69.2,54.4
1,MI-1,"2023-09-27 11:26:25",1.3,69.2,54.4
1,MI-1,"2023-09-27 11:26:26",2,69.2,54.4
1,MI-1,"2023-09-27 11:26:27",1.3,69.2,54.4
1,MI-1,"2023-09-27 11:26:28",0.8,69.2,54.4
1,MI-1,"2023-09-27 11:26:29",0.5,69.2,54.4
1,MI-1,"2023-09-27 11:26:31",1,69.2,54.4
1,MI-1,"2023-09-27 11:26:32",0.8,69.2,54.4
1,MI-1,"2023-09-27 11:26:33",1.3,69.2,54.4
1,MI-1,"2023-09-27 11:26:34",1.3,69.2,54.4
1,MI-1,"2023-09-27 11:26:35",0.8,69.2,54.4
1,MI-1,"2023-09-27 11:26:36",0.8,69.2,54.4
1,MI-1,"2023-09-27 11:26:37",1.8,69.2,54.4
1,MI-1,"2023-09-27 11:26:38",1,69.2,54.4
1,MI-1,"2023-09-27 11:26:39",0.5,69.2,54.4
1,MI-1,"2023-09-27 11:26:40",3.8,69.2,54.4
1,MI-1,"2023-09-27 11:26:42",4.3,69.2,54.4
1,MI-1,"2023-09-27 11:26:43",1.8,69.2,54.4
1,MI-1,"2023-09-27 11:26:44",1.3,69.2,54.4
1,MI-1,"2023-09-27 11:26:45",2.5,69.2,54.4
1,MI-1,"2023-09-27 11:26:46",2,69.2,54.4
1,MI-1,"2023-09-27 11:26:47",1,69.2,54.4
1,MI-1,"2023-09-27 11:26:48",0.8,69.2,54.4
1,MI-1,"2023-09-27 11:26:49",1.8,69.2,54.4
1,MI-1,"2023-09-27 11:26:50",1,69.2,54.4
1,MI-1,"2023-09-27 11:26:51",2.8,69.2,54.4
1,MI-1,"2023-09-27 11:26:52",0.8,69.2,54.4
1,MI-1,"2023-09-27 11:26:54",1,69.2,54.4
1,MI-1,"2023-09-27 11:26:55",0.5,69.2,54.4
1,MI-1,"2023-09-27 11:26:56",1.5,69.2,54.4
1,MI-1,"2023-09-27 11:26:57",1.3,69.2,54.4
1,MI-1,"2023-09-27 11:26:58",0.3,69.2,54.4
1,MI-1,"2023-09-27 11:26:59",1,69.2,54.4
1,MI-1,"2023-09-27 11:27:00",1.3,69.2,54.4
1,MI-1,"2023-09-27 11:27:01",1.8,69.2,54.4
1,MI-1,"2023-09-27 11:27:02",0.5,69.2,54.4
1,MI-1,"2023-09-27 11:27:03",1,69.2,54.4
1,MI-1,"2023-09-27 11:27:05",0.5,69.2,54.4
1,MI-1,"2023-09-27 11:27:06",0.5,69.2,54.4
1,MI-1,"2023-09-27 11:27:07",0.8,69.2,54.4
1,MI-1,"2023-09-27 11:27:08",0.8,69.2,54.4
1,MI-1,"2023-09-27 11:27:09",1.5,69.2,54.4
1,MI-1,"2023-09-27 11:27:10",1.8,69.2,54.4
1,MI-1,"2023-09-27 11:27:11",1,69.2,54.4
1,MI-1,"2023-09-27 11:27:12",1,69.2,54.4
1,MI-1,"2023-09-27 11:27:13",0.8,69.2,54.4
1,MI-1,"2023-09-27 11:27:14",1,69.2,54.4
1,MI-1,"2023-09-27 11:27:16",2.8,69.2,54.4
1,MI-1,"2023-09-27 11:27:17",0.8,69.2,54.4
1,MI-1,"2023-09-27 11:27:18",1.3,69.2,54.4
1,MI-1,"2023-09-27 11:27:19",1.3,69.2,54.4
1,MI-1,"2023-09-27 11:27:20",1.3,69.2,54.4
1,MI-1,"2023-09-27 11:27:21",6,69.3,54.4
1,MI-1,"2023-09-27 11:27:22",1.3,69.3,54.4
1,MI-1,"2023-09-27 11:27:23",1.8,69.3,54.4
1,MI-1,"2023-09-27 11:27:24",0.5,69.3,54.4
1,MI-1,"2023-09-27 11:27:25",1,69.3,54.4
1,MI-1,"2023-09-27 11:27:26",0,69.3,54.4
1,MI-1,"2023-09-27 11:27:28",1,69.3,54.4
1,MI-1,"2023-09-27 11:27:29",0.8,69.3,54.4
1,MI-1,"2023-09-27 11:27:30",0.5,69.3,54.4
1,MI-1,"2023-09-27 11:27:31",1,69.3,54.4
1,MI-1,"2023-09-27 11:27:32",3,69.3,54.4
1,MI-1,"2023-09-27 11:27:33",1,69.3,54.4
1,MI-1,"2023-09-27 11:27:34",1,69.3,54.4
1,MI-1,"2023-09-27 11:27:35",1.3,69.3,54.4
1,MI-1,"2023-09-27 11:27:36",1.5,69.3,54.4
1,MI-1,"2023-09-27 11:27:37",1,69.3,54.4
1,MI-1,"2023-09-27 11:27:39",1.5,69.3,54.4
1,MI-1,"2023-09-27 11:27:40",0.5,69.3,54.4
1,MI-1,"2023-09-27 11:27:41",0.3,69.3,54.4
1,MI-1,"2023-09-27 11:27:42",2.3,69.3,54.4
1,MI-1,"2023-09-27 11:27:43",1,69.3,54.4
1,MI-1,"2023-09-27 11:27:44",0.3,69.3,54.4
1,MI-1,"2023-09-27 11:27:45",1,69.3,54.4
1,MI-1,"2023-09-27 11:27:46",1,69.3,54.4
1,MI-1,"2023-09-27 11:27:47",1,69.3,54.4
1,MI-1,"2023-09-27 11:27:48",0.5,69.3,54.4
1,MI-1,"2023-09-27 11:27:49",1.3,69.3,54.4
1,MI-1,"2023-09-27 11:27:51",1,69.3,54.4
1,MI-1,"2023-09-27 11:27:52",1.5,69.3,54.4
1,MI-1,"2023-09-27 11:27:53",1.3,69.3,54.4
1,MI-1,"2023-09-27 11:27:54",1.3,69.3,54.4
1,MI-1,"2023-09-27 11:27:55",0.5,69.3,54.4
1,MI-1,"2023-09-27 11:27:56",0.8,69.3,54.4
1,MI-1,"2023-09-27 11:27:57",1,69.3,54.4
